factor,mean,std,count
de,6.320197184172939e-05,0.06936415181111787,18
mom6_sn,-0.019422295311890405,0.07396849755298211,18
pm_sn,0.008927211579773917,0.06588021732128116,18
roe_sn,-0.003312937365117463,0.08334531378626463,18
rsi14,-0.018982572064931282,0.09710347571096213,18
vol6,0.007145799072551374,0.07876777115496679,18
